prompt,visibility,aspect_ratio,magic_prompt,model,seed_number,rendering,negative_prompt,style,color_palette,num_images
"11:19 aspect ratio, metallic bas-relief tarot card. Top half: The Fool - The unblemished canvas of infinite possibility, embracing the courageous leap into the unknown, trusting the innate impulse towards becoming and the boundless freedom of the initial step. (Thesis). Bottom half: An inverted 180-degree mirror image showing The Fool - The existential paralysis born from boundless choice, resulting in aimless wandering, a fear of commitment, or the stubborn refusal to actualize potential out of fear of limitation or definition. (Antithesis). Seamless Thatcher Effect morph at the waistline. Steampunk Technomancy aesthetic, brass and oxidized copper, neon amber fractal wiring. Embossed text: 'POTENTIALITY MATRIX'.",private,11:19:00,on,D3lphi,,quality,,Metallic technomancy,#457B5A #B8860B #8B4513 #00F0FF #FF7E1B,1
"11:19 aspect ratio, metallic bas-relief tarot card. Top half: The Magician - The conscious pursuit of esoteric knowledge and the unveiling of hidden truths through disciplined introspection and ancient wisdom, leading to profound insight and mastery over subtle realities. (Thesis). Bottom half: An inverted 180-degree mirror image showing The Magician - The intellectual isolation and hubris stemming from an over-reliance on abstract knowledge, fostering detachment from present reality, hoarding of wisdom, and manipulation for personal gain. (Antithesis). Seamless Thatcher Effect morph at the waistline. Steampunk Technomancy aesthetic, brass and oxidized copper, neon amber fractal wiring. Embossed text: 'GNOSTIC CATALYST'.",private,11:19:00,on,D3lphi,,quality,,Metallic technomancy,#457B5A #B8860B #8B4513 #00F0FF #FF7E1B,1
"11:19 aspect ratio, metallic bas-relief tarot card. Top half: The High Priestess - The crystalline clarity of prescient insight, revealing universal patterns and guiding towards profound understanding. (Thesis). Bottom half: An inverted 180-degree mirror image showing The High Priestess - The overwhelming burden of foreknowledge, leading to fatalistic inaction or the manipulative distortion of truth. (Antithesis). Seamless Thatcher Effect morph at the waistline. Steampunk Technomancy aesthetic, brass and oxidized copper, neon amber fractal wiring. Embossed text: 'EPISTEMIC NAVIGATOR'.",private,11:19:00,on,D3lphi,,quality,,Metallic technomancy,#457B5A #B8860B #8B4513 #00F0FF #FF7E1B,1
"11:19 aspect ratio, metallic bas-relief tarot card. Top half: The Empress - The conscious cultivation of self-sustaining systems; the elegant manifestation of inherent potential through mindful design and harmonious growth. (Thesis). Bottom half: An inverted 180-degree mirror image showing The Empress - The rigid adherence to an idealized blueprint, leading to sterile perfection or unchecked, chaotic proliferation. A refusal to adapt, prune, or embrace the natural cycles of decay and renewal. (Antithesis). Seamless Thatcher Effect morph at the waistline. Steampunk Technomancy aesthetic, brass and oxidized copper, neon amber fractal wiring. Embossed text: 'GENERATIVE PATTERN ALCHEMIST'.",private,11:19:00,on,D3lphi,,quality,,Metallic technomancy,#457B5A #B8860B #8B4513 #00F0FF #FF7E1B,1
"11:19 aspect ratio, metallic bas-relief tarot card. Top half: The Emperor - The disciplined establishment and maintenance of enduring systems; the unwavering will to manifest and sustain a vision of order and mastery across time. (Thesis). Bottom half: An inverted 180-degree mirror image showing The Emperor - The tyrannical grip of an obsolete order; the pathological fear of change leading to the draining of vitality for the perpetual, mummified preservation of a dying form or dogma. (Antithesis). Seamless Thatcher Effect morph at the waistline. Steampunk Technomancy aesthetic, brass and oxidized copper, neon amber fractal wiring. Embossed text: 'ARCHITECTONIC PERSISTENCE'.",private,11:19:00,on,D3lphi,,quality,,Metallic technomancy,#457B5A #B8860B #8B4513 #00F0FF #FF7E1B,1
"11:19 aspect ratio, metallic bas-relief tarot card. Top half: The Hierophant - The conscious structuring of collective wisdom into coherent ethical and spiritual frameworks, providing guidance and communal understanding. (Thesis). Bottom half: An inverted 180-degree mirror image showing The Hierophant - The oppressive weight of unchallenged dogma; the calcification of tradition into rigid orthodoxy that stifles individual inquiry and adaptation. (Antithesis). Seamless Thatcher Effect morph at the waistline. Steampunk Technomancy aesthetic, brass and oxidized copper, neon amber fractal wiring. Embossed text: 'EPISTEMIC ARCHITECT'.",private,11:19:00,on,D3lphi,,quality,,Metallic technomancy,#457B5A #B8860B #8B4513 #00F0FF #FF7E1B,1
"11:19 aspect ratio, metallic bas-relief tarot card. Top half: The Lovers - The deliberate cultivation of an aesthetic reality, drawing forth ideal forms through persuasive artistry and harmonic intent, fostering genuine connection and shared vision. (Thesis). Bottom half: An inverted 180-degree mirror image showing The Lovers - The intoxicating grip of external validation, where authenticity is sacrificed for the transient approval of a projected ideal, leading to an echoing void of superficiality and manipulative illusion. (Antithesis). Seamless Thatcher Effect morph at the waistline. Steampunk Technomancy aesthetic, brass and oxidized copper, neon amber fractal wiring. Embossed text: 'IDEAL MANIFESTATION MATRIX'.",private,11:19:00,on,D3lphi,,quality,,Metallic technomancy,#457B5A #B8860B #8B4513 #00F0FF #FF7E1B,1
"11:19 aspect ratio, metallic bas-relief tarot card. Top half: The Chariot - The righteous and unwavering establishment of a higher, perfected order, driven by enlightened conviction and a clear vision for ultimate truth and systemic harmony. (Thesis). Bottom half: An inverted 180-degree mirror image showing The Chariot - The tyrannical ossification of an ideal into an oppressive dogma, where righteous conviction devolves into unyielding authoritarianism, crushing emergent truths and stifling evolution in the name of a stagnant, self-serving perfection. (Antithesis). Seamless Thatcher Effect morph at the waistline. Steampunk Technomancy aesthetic, brass and oxidized copper, neon amber fractal wiring. Embossed text: 'ONTOLOGICAL ARCHITECT'.",private,11:19:00,on,D3lphi,,quality,,Metallic technomancy,#457B5A #B8860B #8B4513 #00F0FF #FF7E1B,1
"11:19 aspect ratio, metallic bas-relief tarot card. Top half: Strength - The conscious recognition and cultivation of the fundamental structures and enduring boundaries that provide stability, coherence, and protective order. (Thesis). Bottom half: An inverted 180-degree mirror image showing Strength - The suffocating weight of inherited, immutable structures that resist adaptation, leading to stagnation, exclusion, and a paralyzing fear of boundary transgression. (Antithesis). Seamless Thatcher Effect morph at the waistline. Steampunk Technomancy aesthetic, brass and oxidized copper, neon amber fractal wiring. Embossed text: 'ONTOLOGICAL STRUCTURING'.",private,11:19:00,on,D3lphi,,quality,,Metallic technomancy,#457B5A #B8860B #8B4513 #00F0FF #FF7E1B,1
"11:19 aspect ratio, metallic bas-relief tarot card. Top half: The Hermit - The deliberate forging of profound knowledge-pacts; the conscious acquisition and disciplined application of esoteric truths to reshape reality. (Thesis). Bottom half: An inverted 180-degree mirror image showing The Hermit - The unwitting subjugation to the sources of power; the self-eroding consequence of knowledge unmoored from conscious sovereignty, leading to external dominion. (Antithesis). Seamless Thatcher Effect morph at the waistline. Steampunk Technomancy aesthetic, brass and oxidized copper, neon amber fractal wiring. Embossed text: 'GNOSTIC PROTOCOL MATRIX'.",private,11:19:00,on,D3lphi,,quality,,Metallic technomancy,#457B5A #B8860B #8B4513 #00F0FF #FF7E1B,1
"11:19 aspect ratio, metallic bas-relief tarot card. Top half: Wheel of Fortune - The harmonious alignment of intentionality with the natural unfolding of possibility, recognizing the subtle influence of choice within the causal matrix. (Thesis). Bottom half: An inverted 180-degree mirror image showing Wheel of Fortune - The illusion of absolute control leading to rigid, predetermined outcomes, or the paralysis induced by a perceived inescapable destiny, resulting in a refusal to engage. (Antithesis). Seamless Thatcher Effect morph at the waistline. Steampunk Technomancy aesthetic, brass and oxidized copper, neon amber fractal wiring. Embossed text: 'PATTERN SYNTHESIZER'.",private,11:19:00,on,D3lphi,,quality,,Metallic technomancy,#457B5A #B8860B #8B4513 #00F0FF #FF7E1B,1
"11:19 aspect ratio, metallic bas-relief tarot card. Top half: Justice - The inherent order and guiding principles of existence; the conscious discernment of cosmic design and the unfolding of destined patterns. (Thesis). Bottom half: An inverted 180-degree mirror image showing Justice - The oppressive weight of rigid dogma; the illusion of control against the current of cosmic design; resistance to the organic evolution of universal laws leading to stagnation or tyranny. (Antithesis). Seamless Thatcher Effect morph at the waistline. Steampunk Technomancy aesthetic, brass and oxidized copper, neon amber fractal wiring. Embossed text: 'ONTOLOGICAL BLUEPRINT'.",private,11:19:00,on,D3lphi,,quality,,Metallic technomancy,#457B5A #B8860B #8B4513 #00F0FF #FF7E1B,1
"11:19 aspect ratio, metallic bas-relief tarot card. Top half: The Hanged Man - The profound power of historical continuity; the foundational strength derived from tradition and the lessons of the past, consciously preserved and understood as a guide for evolution. (Thesis). Bottom half: An inverted 180-degree mirror image showing The Hanged Man - The paralyzing grip of an unexamined past; the burden of unresolved histories and outdated structures that inhibit growth, leading to stagnation and a denial of necessary change. (Antithesis). Seamless Thatcher Effect morph at the waistline. Steampunk Technomancy aesthetic, brass and oxidized copper, neon amber fractal wiring. Embossed text: 'TEMPORAL PERSISTENCE ENGINE'.",private,11:19:00,on,D3lphi,,quality,,Metallic technomancy,#457B5A #B8860B #8B4513 #00F0FF #FF7E1B,1
"11:19 aspect ratio, metallic bas-relief tarot card. Top half: Death - The conscious acceptance of immutable ends as the crucible for profound new forms and understanding. (Thesis). Bottom half: An inverted 180-degree mirror image showing Death - The ossifying paralysis of clinging to the bygone, manifesting as a pervasive fear of change and the perpetuation of outdated structures. (Antithesis). Seamless Thatcher Effect morph at the waistline. Steampunk Technomancy aesthetic, brass and oxidized copper, neon amber fractal wiring. Embossed text: 'EXISTENTIAL EVENT HORIZON'.",private,11:19:00,on,D3lphi,,quality,,Metallic technomancy,#457B5A #B8860B #8B4513 #00F0FF #FF7E1B,1
"11:19 aspect ratio, metallic bas-relief tarot card. Top half: Temperance - The intentional pursuit of truth through iterative refinement, transforming raw experience into profound insight and conscious creation. (Thesis). Bottom half: An inverted 180-degree mirror image showing Temperance - The crippling fear of imperfection, manifesting as an endless cycle of self-sabotage, an inability to commit, or the cynical refusal to engage with transformative processes. (Antithesis). Seamless Thatcher Effect morph at the waistline. Steampunk Technomancy aesthetic, brass and oxidized copper, neon amber fractal wiring. Embossed text: 'CATALYST OF METAMORPHIC PRAXIS'.",private,11:19:00,on,D3lphi,,quality,,Metallic technomancy,#457B5A #B8860B #8B4513 #00F0FF #FF7E1B,1
"11:19 aspect ratio, metallic bas-relief tarot card. Top half: The Devil - The conscious recognition of the foundational agreements and energetic structures that manifest reality, enabling deliberate shaping and the disciplined application of primal will. (Thesis). Bottom half: An inverted 180-degree mirror image showing The Devil - Entrapment within unexamined or self-imposed agreements, manifesting as a pervasive sense of powerlessness, material bondage, or the unconscious surrender to primal urges and illusions. (Antithesis). Seamless Thatcher Effect morph at the waistline. Steampunk Technomancy aesthetic, brass and oxidized copper, neon amber fractal wiring. Embossed text: 'ONTOLOGICAL ENGINEER'.",private,11:19:00,on,D3lphi,,quality,,Metallic technomancy,#457B5A #B8860B #8B4513 #00F0FF #FF7E1B,1
"11:19 aspect ratio, metallic bas-relief tarot card. Top half: The Tower - The inescapable necessity of deconstructing false or rigid structures to reveal foundational truths and allow for authentic re-creation. (Thesis). Bottom half: An inverted 180-degree mirror image showing The Tower - The paralyzing resistance to necessary dismantling, leading to prolonged chaos, unaddressed systemic rot, and the perpetuation of cycles of false security. (Antithesis). Seamless Thatcher Effect morph at the waistline. Steampunk Technomancy aesthetic, brass and oxidized copper, neon amber fractal wiring. Embossed text: 'PARADIGM SHIFT CATALYST'.",private,11:19:00,on,D3lphi,,quality,,Metallic technomancy,#457B5A #B8860B #8B4513 #00F0FF #FF7E1B,1
"11:19 aspect ratio, metallic bas-relief tarot card. Top half: The Star - The revelation of latent truths, providing clear patterns for future navigation and informed decision-making; the profound insight derived from deep intuition and universal connection. (Thesis). Bottom half: An inverted 180-degree mirror image showing The Star - The paralyzing deluge of unfiltered information, leading to analysis paralysis, distorted interpretations, or the weaponization of foresight to control rather than enlighten; the burden of knowing without the wisdom to act. (Antithesis). Seamless Thatcher Effect morph at the waistline. Steampunk Technomancy aesthetic, brass and oxidized copper, neon amber fractal wiring. Embossed text: 'ALGORITHMIC REVELATION CONDUIT'.",private,11:19:00,on,D3lphi,,quality,,Metallic technomancy,#457B5A #B8860B #8B4513 #00F0FF #FF7E1B,1
"11:19 aspect ratio, metallic bas-relief tarot card. Top half: The Moon - The conscious recognition of subjective reality; the discerning ability to sculpt one's own perceptual framework and uncover the underlying truths within the perceived world. (Thesis). Bottom half: An inverted 180-degree mirror image showing The Moon - The seductive entrapment within self-created illusions or external deceptions, leading to paralysis, paranoia, and the projection of unconscious fears onto one's environment. (Antithesis). Seamless Thatcher Effect morph at the waistline. Steampunk Technomancy aesthetic, brass and oxidized copper, neon amber fractal wiring. Embossed text: 'PARADIGM SCULPTOR'.",private,11:19:00,on,D3lphi,,quality,,Metallic technomancy,#457B5A #B8860B #8B4513 #00F0FF #FF7E1B,1
"11:19 aspect ratio, metallic bas-relief tarot card. Top half: The Sun - The recognition of fundamental truths and the inherent order of the cosmos, providing structure, meaning, and a foundation for existence. It signifies cosmic justice, established principles, and the bedrock upon which reality is built. (Thesis). Bottom half: An inverted 180-degree mirror image showing The Sun - The oppressive weight of unexamined dogma, rigid adherence to outdated principles, or the fatalistic belief in an unyielding destiny that stifles innovation and free will. It represents stagnation, inflexible systems, and the tyranny of tradition. (Antithesis). Seamless Thatcher Effect morph at the waistline. Steampunk Technomancy aesthetic, brass and oxidized copper, neon amber fractal wiring. Embossed text: 'METAPHYSICAL FRAMEWORK'.",private,11:19:00,on,D3lphi,,quality,,Metallic technomancy,#457B5A #B8860B #8B4513 #00F0FF #FF7E1B,1
"11:19 aspect ratio, metallic bas-relief tarot card. Top half: Judgement - The profound wisdom embedded in timeless principles, guiding conscious understanding and establishing an immutable order for all unfolding realities. (Thesis). Bottom half: An inverted 180-degree mirror image showing Judgement - The paralysis caused by an unyielding adherence to obsolete decrees, preventing adaptation and perpetuating stagnation by denying the dynamism of present truth. (Antithesis). Seamless Thatcher Effect morph at the waistline. Steampunk Technomancy aesthetic, brass and oxidized copper, neon amber fractal wiring. Embossed text: 'AXIOMATIC PRINCIPLE REGULATOR'.",private,11:19:00,on,D3lphi,,quality,,Metallic technomancy,#457B5A #B8860B #8B4513 #00F0FF #FF7E1B,1
"11:19 aspect ratio, metallic bas-relief tarot card. Top half: The World - The conscious and deliberate construction of fundamental paradigms and realities, asserting one's formative influence over existence to manifest new structures and truths. (Thesis). Bottom half: An inverted 180-degree mirror image showing The World - The oppressive rigidity of inherited structures, or the paralyzing fear of challenging foundational axioms, leading to static realities, dogmatic adherence, or the destructive imposition of unexamined will. (Antithesis). Seamless Thatcher Effect morph at the waistline. Steampunk Technomancy aesthetic, brass and oxidized copper, neon amber fractal wiring. Embossed text: 'ONTOLOGICAL ENGINEERING'.",private,11:19:00,on,D3lphi,,quality,,Metallic technomancy,#457B5A #B8860B #8B4513 #00F0FF #FF7E1B,1
"11:19 aspect ratio, metallic bas-relief tarot card. Top half: Ace of Wands - The unbridled surge of primal will, manifesting as the genesis of new inspiration and the courage to initiate transformative action. (Thesis). Bottom half: An inverted 180-degree mirror image showing Ace of Wands - The untamed force of raw impulse, leading to destructive impulsivity, uncontrolled aggression, or the suppression of emergent creative energy. (Antithesis). Seamless Thatcher Effect morph at the waistline. Steampunk Technomancy aesthetic, brass and oxidized copper, neon amber fractal wiring. Embossed text: 'VOLITIONAL CATALYST'.",private,11:19:00,on,D3lphi,,quality,,Metallic technomancy,#457B5A #B8860B #8B4513 #00F0FF #FF7E1B,1
"11:19 aspect ratio, metallic bas-relief tarot card. Top half: Two of Wands - The deliberate channeling of raw creative energy into a focused intent, charting the course for future expansion and innovation; the harmonious integration of instinct and intellect to forge a strategic vision. (Thesis). Bottom half: An inverted 180-degree mirror image showing Two of Wands - The internal discord arising from an unchanneled surge of potential, leading to inaction or misdirected force; a failure to harmonize primal will with strategic foresight, resulting in paralysis or impulsive chaos. (Antithesis). Seamless Thatcher Effect morph at the waistline. Steampunk Technomancy aesthetic, brass and oxidized copper, neon amber fractal wiring. Embossed text: 'VOLITIONAL MATRIX'.",private,11:19:00,on,D3lphi,,quality,,Metallic technomancy,#457B5A #B8860B #8B4513 #00F0FF #FF7E1B,1
"11:19 aspect ratio, metallic bas-relief tarot card. Top half: Three of Wands - The conscious and strategic projection of one's potent will towards new horizons, fueled by raw, elemental determination. (Thesis). Bottom half: An inverted 180-degree mirror image showing Three of Wands - The paralysis of unchanneled potentia, where raw force lacks direction, or ambition becomes impulsive and self-defeating, failing to perceive true opportunity. (Antithesis). Seamless Thatcher Effect morph at the waistline. Steampunk Technomancy aesthetic, brass and oxidized copper, neon amber fractal wiring. Embossed text: 'TRAJECTORY NAVIGATOR'.",private,11:19:00,on,D3lphi,,quality,,Metallic technomancy,#457B5A #B8860B #8B4513 #00F0FF #FF7E1B,1
"11:19 aspect ratio, metallic bas-relief tarot card. Top half: Four of Wands - The manifestation of collective will into a joyous and stable sanctuary, celebrating hard-won security and belonging forged through spirited communal action. (Thesis). Bottom half: An inverted 180-degree mirror image showing Four of Wands - The inherent instability arising from unresolved primal tensions within a nascent community, leading to fractured alliances or a superficial peace that crumbles under internal dissent and unchanneled energies. (Antithesis). Seamless Thatcher Effect morph at the waistline. Steampunk Technomancy aesthetic, brass and oxidized copper, neon amber fractal wiring. Embossed text: 'EMERGENT COHESION SYSTEM'.",private,11:19:00,on,D3lphi,,quality,,Metallic technomancy,#457B5A #B8860B #8B4513 #00F0FF #FF7E1B,1
"11:19 aspect ratio, metallic bas-relief tarot card. Top half: Five of Wands - The dynamic interplay of divergent wills and creative forces, consciously engaged to forge new paradigms and refine collective purpose. It represents the invigorating tension of spirited competition and the constructive friction of differing perspectives, leading to innovation, resilience, and the emergence of a stronger, more adaptable collective identity. (Thesis). Bottom half: An inverted 180-degree mirror image showing Five of Wands - The descent into aimless strife and destructive fragmentation, where individual egos or factional interests consume vital energy, preventing coherence and progress. It manifests as paralyzing internal conflict, self-defeating aggression, or the inability to reconcile differences, leading to stagnation, dissolution, and the atrophy of collective potential. (Antithesis). Seamless Thatcher Effect morph at the waistline. Steampunk Technomancy aesthetic, brass and oxidized copper, neon amber fractal wiring. Embossed text: 'VOLITIONAL SYNTHESIS MATRIX'.",private,11:19:00,on,D3lphi,,quality,,Metallic technomancy,#457B5A #B8860B #8B4513 #00F0FF #FF7E1B,1
"11:19 aspect ratio, metallic bas-relief tarot card. Top half: Six of Wands - The public affirmation of achieved mastery and the recognition of a journey well-travelled, signifying validated progress. (Thesis). Bottom half: An inverted 180-degree mirror image showing Six of Wands - The burden of public expectation or the hollow echo of unearned praise, where true progress is overshadowed by external pressures or a fragile ego. (Antithesis). Seamless Thatcher Effect morph at the waistline. Steampunk Technomancy aesthetic, brass and oxidized copper, neon amber fractal wiring. Embossed text: 'CONSENSUS ARCHITECT'.",private,11:19:00,on,D3lphi,,quality,,Metallic technomancy,#457B5A #B8860B #8B4513 #00F0FF #FF7E1B,1
"11:19 aspect ratio, metallic bas-relief tarot card. Top half: Seven of Wands - The unyielding assertion of one's core principles and sovereign boundaries, fueled by an intrinsic force of conviction and an intuitive understanding of strategic defense. (Thesis). Bottom half: An inverted 180-degree mirror image showing Seven of Wands - The corrosive paralysis induced by incessant opposition, leading to the abandonment of core values, the erosion of self-boundaries, or an aimless, aggressive deflection born from profound insecurity rather than principle. (Antithesis). Seamless Thatcher Effect morph at the waistline. Steampunk Technomancy aesthetic, brass and oxidized copper, neon amber fractal wiring. Embossed text: 'BOUNDARY ARTICULATION MATRIX'.",private,11:19:00,on,D3lphi,,quality,,Metallic technomancy,#457B5A #B8860B #8B4513 #00F0FF #FF7E1B,1
"11:19 aspect ratio, metallic bas-relief tarot card. Top half: Eight of Wands - The focused application of primal will and direct action, manifesting as rapid, unimpeded progress towards a clear objective. It embodies direct communication of purpose and the potent alignment of energy and direction. (Thesis). Bottom half: An inverted 180-degree mirror image showing Eight of Wands - The dissipation or obstruction of directed force, resulting in miscommunication, aimless activity, or paralyzing resistance. Raw power is present but either scattered without purpose or rendered inert by unforeseen blockages, leading to frustration and stagnation. (Antithesis). Seamless Thatcher Effect morph at the waistline. Steampunk Technomancy aesthetic, brass and oxidized copper, neon amber fractal wiring. Embossed text: 'PROPULSION AXIOM'.",private,11:19:00,on,D3lphi,,quality,,Metallic technomancy,#457B5A #B8860B #8B4513 #00F0FF #FF7E1B,1
"11:19 aspect ratio, metallic bas-relief tarot card. Top half: Nine of Wands - The conscious and unwavering commitment to maintaining one's integral boundaries, channeling both refined intellect and primal resolve to defend deeply held truths and vital spaces against external pressures, fostering resilient growth. (Thesis). Bottom half: An inverted 180-degree mirror image showing Nine of Wands - The detrimental rigidity of an entrenched position, where vigilance devolves into paranoid isolation and self-imposed siege, draining essential resources in the futile defense of ossified dogmas rather than living principles. (Antithesis). Seamless Thatcher Effect morph at the waistline. Steampunk Technomancy aesthetic, brass and oxidized copper, neon amber fractal wiring. Embossed text: 'VIGILANCE PROTOCOL'.",private,11:19:00,on,D3lphi,,quality,,Metallic technomancy,#457B5A #B8860B #8B4513 #00F0FF #FF7E1B,1
"11:19 aspect ratio, metallic bas-relief tarot card. Top half: Ten of Wands - The resolute burden-bearing towards a defined ambition, acknowledging the necessary weight of sustained effort and commitment. (Thesis). Bottom half: An inverted 180-degree mirror image showing Ten of Wands - The paralyzing accretion of unexamined commitments, leading to the collapse of will or the desperate abandonment of crucial responsibilities. (Antithesis). Seamless Thatcher Effect morph at the waistline. Steampunk Technomancy aesthetic, brass and oxidized copper, neon amber fractal wiring. Embossed text: 'VOLITIONAL BURDEN ACCUMULATOR'.",private,11:19:00,on,D3lphi,,quality,,Metallic technomancy,#457B5A #B8860B #8B4513 #00F0FF #FF7E1B,1
"11:19 aspect ratio, metallic bas-relief tarot card. Top half: Page of Wands - The unbridled surge of creative will; the courage to initiate action based on primal instinct; the authentic drive to manifest raw potential. (Thesis). Bottom half: An inverted 180-degree mirror image showing Page of Wands - Destructive impulsivity born of unchanneled power; the paralysis of immense potential without conscious direction; primal urges overwhelming reason without purpose. (Antithesis). Seamless Thatcher Effect morph at the waistline. Steampunk Technomancy aesthetic, brass and oxidized copper, neon amber fractal wiring. Embossed text: 'ARCHETYPE OF UNBOUND DRIVE'.",private,11:19:00,on,D3lphi,,quality,,Metallic technomancy,#457B5A #B8860B #8B4513 #00F0FF #FF7E1B,1
"11:19 aspect ratio, metallic bas-relief tarot card. Top half: Knight of Wands - The deliberate harnessing of raw, untamed potential for catalytic creation and fearless self-assertion, guided by instinctual wisdom. (Thesis). Bottom half: An inverted 180-degree mirror image showing Knight of Wands - The destructive eruption of untamed power, resulting in chaotic impulsiveness, self-annihilation, or the suppression of vital energy into volatile stagnation. (Antithesis). Seamless Thatcher Effect morph at the waistline. Steampunk Technomancy aesthetic, brass and oxidized copper, neon amber fractal wiring. Embossed text: 'CATALYST OF PRIMAL FORCE'.",private,11:19:00,on,D3lphi,,quality,,Metallic technomancy,#457B5A #B8860B #8B4513 #00F0FF #FF7E1B,1
"11:19 aspect ratio, metallic bas-relief tarot card. Top half: Queen of Wands - The explosive genesis of an untamed will, guided by profound intuition, manifesting as fearless action that shatters conventional boundaries and forges radical new realities. (Thesis). Bottom half: An inverted 180-degree mirror image showing Queen of Wands - The volatile discharge of unchanneled primal force, leading to destructive impulsiveness, chaotic self-sabotage, or the paralyzing fear of one's own formidable power, resulting in its misdirected eruption. (Antithesis). Seamless Thatcher Effect morph at the waistline. Steampunk Technomancy aesthetic, brass and oxidized copper, neon amber fractal wiring. Embossed text: 'VOLITIONAL NEXUS'.",private,11:19:00,on,D3lphi,,quality,,Metallic technomancy,#457B5A #B8860B #8B4513 #00F0FF #FF7E1B,1
"11:19 aspect ratio, metallic bas-relief tarot card. Top half: King of Wands - The unyielding surge of primal will, manifesting as an overwhelming force of creative destruction or intense, focused action that shatters inertia. (Thesis). Bottom half: An inverted 180-degree mirror image showing King of Wands - The destructive inferno of unchanneled primal impulse, consuming its source and manifesting as undirected rage, self-sabotage, or overwhelming burnout. (Antithesis). Seamless Thatcher Effect morph at the waistline. Steampunk Technomancy aesthetic, brass and oxidized copper, neon amber fractal wiring. Embossed text: 'ARCHETYPE OF UNCHAINED WILL'.",private,11:19:00,on,D3lphi,,quality,,Metallic technomancy,#457B5A #B8860B #8B4513 #00F0FF #FF7E1B,1
"11:19 aspect ratio, metallic bas-relief tarot card. Top half: Ace of Cups - The conscious embrace of emergent emotional and spiritual wellsprings, manifesting as empathetic connection, creative inspiration, and profound intuitive clarity. (Thesis). Bottom half: An inverted 180-degree mirror image showing Ace of Cups - The suppression of authentic emotional or spiritual outflow, manifesting as creative barrenness, emotional numbness, and a superficial engagement with the world's deeper currents. (Antithesis). Seamless Thatcher Effect morph at the waistline. Steampunk Technomancy aesthetic, brass and oxidized copper, neon amber fractal wiring. Embossed text: 'AFFECTIVE RESONANCE CONDUIT'.",private,11:19:00,on,D3lphi,,quality,,Metallic technomancy,#457B5A #B8860B #8B4513 #00F0FF #FF7E1B,1
"11:19 aspect ratio, metallic bas-relief tarot card. Top half: Three of Cups - The conscious cultivation of shared joy and collective flourishing through empathetic connection and mutual appreciation, fostering genuine communal bonds. (Thesis). Bottom half: An inverted 180-degree mirror image showing Three of Cups - The distortion of communal spirit into superficial excess, exclusionary conformity, or performative unity, leading to a void of authentic connection and unmet individual needs. (Antithesis). Seamless Thatcher Effect morph at the waistline. Steampunk Technomancy aesthetic, brass and oxidized copper, neon amber fractal wiring. Embossed text: 'RELATIONAL SYNERGIZER'.",private,11:19:00,on,D3lphi,,quality,,Metallic technomancy,#457B5A #B8860B #8B4513 #00F0FF #FF7E1B,1
"11:19 aspect ratio, metallic bas-relief tarot card. Top half: Four of Cups - The conscious recognition of a pervasive sense of unfulfillment amidst apparent abundance, necessitating an internal retreat for re-evaluation of core values and genuine desires. (Thesis). Bottom half: An inverted 180-degree mirror image showing Four of Cups - The persistent and debilitating refusal to engage with emerging opportunities or acknowledge internal discontent, leading to prolonged stagnation, self-imposed isolation, and the projection of inner void onto external circumstances. (Antithesis). Seamless Thatcher Effect morph at the waistline. Steampunk Technomancy aesthetic, brass and oxidized copper, neon amber fractal wiring. Embossed text: 'INTERNAL HORIZON SCRUTINIZER'.",private,11:19:00,on,D3lphi,,quality,,Metallic technomancy,#457B5A #B8860B #8B4513 #00F0FF #FF7E1B,1
"11:19 aspect ratio, metallic bas-relief tarot card. Top half: Five of Cups - The conscious processing of profound loss and the contemplative acknowledgement of what has irrevocably passed, allowing the full spectrum of grief to be felt as a precursor to understanding. (Thesis). Bottom half: An inverted 180-degree mirror image showing Five of Cups - The paralyzing fixation on unalterable past events, leading to an entrenched state of regret and an inability to perceive or engage with present opportunities or remaining resources. (Antithesis). Seamless Thatcher Effect morph at the waistline. Steampunk Technomancy aesthetic, brass and oxidized copper, neon amber fractal wiring. Embossed text: 'AFFECTIVE DIALECTICS ENGINE'.",private,11:19:00,on,D3lphi,,quality,,Metallic technomancy,#457B5A #B8860B #8B4513 #00F0FF #FF7E1B,1
"11:19 aspect ratio, metallic bas-relief tarot card. Top half: Six of Cups - The conscious retrieval and integration of foundational memories and ancestral virtues as sources of present wisdom, empathy, and communal belonging. (Thesis). Bottom half: An inverted 180-degree mirror image showing Six of Cups - The paralyzing weight of an idealized or unresolved past, fostering stagnation, escapism, and an inability to forge new narratives or embrace emergent realities. (Antithesis). Seamless Thatcher Effect morph at the waistline. Steampunk Technomancy aesthetic, brass and oxidized copper, neon amber fractal wiring. Embossed text: 'MNEMONIC SYNTHESIZER'.",private,11:19:00,on,D3lphi,,quality,,Metallic technomancy,#457B5A #B8860B #8B4513 #00F0FF #FF7E1B,1
"11:19 aspect ratio, metallic bas-relief tarot card. Top half: Seven of Cups - The fertile expanse of imagination, presenting a multitude of emergent potentials and a canvas for creative exploration. (Thesis). Bottom half: An inverted 180-degree mirror image showing Seven of Cups - The engulfing fog of indecision, where the allure of illusory potentials leads to paralytic complacency and the avoidance of concrete action. (Antithesis). Seamless Thatcher Effect morph at the waistline. Steampunk Technomancy aesthetic, brass and oxidized copper, neon amber fractal wiring. Embossed text: 'PERCEPTUAL SPECTRUM WEAVER'.",private,11:19:00,on,D3lphi,,quality,,Metallic technomancy,#457B5A #B8860B #8B4513 #00F0FF #FF7E1B,1
"11:19 aspect ratio, metallic bas-relief tarot card. Top half: Nine of Cups - The radiant culmination of inner harmony and outer manifestation, where desires are brought into joyful congruence with one's spiritual purpose, fostering profound gratitude and serene self-expression. (Thesis). Bottom half: An inverted 180-degree mirror image showing Nine of Cups - The illusory satisfaction of superficial gains, leading to complacent stagnation and a disconnect from authentic desire, where the outward performance of joy masks an inner void and spiritual inertia. (Antithesis). Seamless Thatcher Effect morph at the waistline. Steampunk Technomancy aesthetic, brass and oxidized copper, neon amber fractal wiring. Embossed text: 'RESONANCE CHAMBER'.",private,11:19:00,on,D3lphi,,quality,,Metallic technomancy,#457B5A #B8860B #8B4513 #00F0FF #FF7E1B,1
"11:19 aspect ratio, metallic bas-relief tarot card. Top half: Ten of Cups - The conscious cultivation and experience of profound emotional fulfillment, shared joy, and harmonious communal well-being, where individual spiritual and social flourishing are intrinsically intertwined. (Thesis). Bottom half: An inverted 180-degree mirror image showing Ten of Cups - The insidious emergence of superficial contentment, emotional isolation, or unacknowledged discord within seemingly harmonious structures, leading to a void of genuine connection or an inability to appreciate present blessings. (Antithesis). Seamless Thatcher Effect morph at the waistline. Steampunk Technomancy aesthetic, brass and oxidized copper, neon amber fractal wiring. Embossed text: 'COMMUNAL FLOURISHING PROTOCOL'.",private,11:19:00,on,D3lphi,,quality,,Metallic technomancy,#457B5A #B8860B #8B4513 #00F0FF #FF7E1B,1
"11:19 aspect ratio, metallic bas-relief tarot card. Top half: Knight of Cups - The conscious articulation of shared emotional and spiritual truths, fostering unity and profound understanding through empathetic resonance and compassionate expression. (Thesis). Bottom half: An inverted 180-degree mirror image showing Knight of Cups - The performative mimicry of empathy, where spiritual or emotional insights are withheld, misdirected, or used to maintain detachment, creating superficial bonds and deepening spiritual isolation. (Antithesis). Seamless Thatcher Effect morph at the waistline. Steampunk Technomancy aesthetic, brass and oxidized copper, neon amber fractal wiring. Embossed text: 'EMOTIVE SYNTHESIZER'.",private,11:19:00,on,D3lphi,,quality,,Metallic technomancy,#457B5A #B8860B #8B4513 #00F0FF #FF7E1B,1
"11:19 aspect ratio, metallic bas-relief tarot card. Top half: Queen of Cups - The conscious cultivation of empathetic resonance and harmonious expression, guiding collective sentiment towards mutual understanding and spiritual communion. (Thesis). Bottom half: An inverted 180-degree mirror image showing Queen of Cups - The draining burden of unacknowledged emotional boundaries, where genuine connection is stifled by performative affectation or psychic over-extension. (Antithesis). Seamless Thatcher Effect morph at the waistline. Steampunk Technomancy aesthetic, brass and oxidized copper, neon amber fractal wiring. Embossed text: 'AFFECTIVE HARMONIZER'.",private,11:19:00,on,D3lphi,,quality,,Metallic technomancy,#457B5A #B8860B #8B4513 #00F0FF #FF7E1B,1
"11:19 aspect ratio, metallic bas-relief tarot card. Top half: Ace of Swords - The luminous dawn of a decisive insight, forging a path through conceptual entanglement and empowering courageous, direct action. (Thesis). Bottom half: An inverted 180-degree mirror image showing Ace of Swords - The double-edged weight of nascent clarity, manifesting as intellectual paralysis from overwhelming options, destructive impulsivity, or the tyrannical imposition of underdeveloped truths. (Antithesis). Seamless Thatcher Effect morph at the waistline. Steampunk Technomancy aesthetic, brass and oxidized copper, neon amber fractal wiring. Embossed text: 'INCISIVE COGNITIVE INITIATOR'.",private,11:19:00,on,D3lphi,,quality,,Metallic technomancy,#457B5A #B8860B #8B4513 #00F0FF #FF7E1B,1
"11:19 aspect ratio, metallic bas-relief tarot card. Top half: Three of Swords - The piercing realization of an unavoidable truth, leading to necessary, albeit painful, disengagement and the conscious act of surgical separation from a detrimental pattern. (Thesis). Bottom half: An inverted 180-degree mirror image showing Three of Swords - The paralyzing refusal to acknowledge an emotional wound, resulting in prolonged suffering and the perpetuation of cycles of avoidance and internal conflict. (Antithesis). Seamless Thatcher Effect morph at the waistline. Steampunk Technomancy aesthetic, brass and oxidized copper, neon amber fractal wiring. Embossed text: 'COGNITIVE DISSONANCE RESOLVER'.",private,11:19:00,on,D3lphi,,quality,,Metallic technomancy,#457B5A #B8860B #8B4513 #00F0FF #FF7E1B,1
"11:19 aspect ratio, metallic bas-relief tarot card. Top half: Four of Swords - The conscious withdrawal from external demands to facilitate internal processing, strategic recalibration, and the integration of experience into wisdom. (Thesis). Bottom half: An inverted 180-degree mirror image showing Four of Swords - The involuntary paralysis of inaction, rooted in fear of engagement or chronic exhaustion, leading to stagnant potential and isolated rumination. (Antithesis). Seamless Thatcher Effect morph at the waistline. Steampunk Technomancy aesthetic, brass and oxidized copper, neon amber fractal wiring. Embossed text: 'CONTEMPLATIVE INTEGRATION MODULE'.",private,11:19:00,on,D3lphi,,quality,,Metallic technomancy,#457B5A #B8860B #8B4513 #00F0FF #FF7E1B,1
"11:19 aspect ratio, metallic bas-relief tarot card. Top half: Five of Swords - The strategic imperative to assess the true cost of 'victory,' revealing where integrity is compromised for superficial gain. (Thesis). Bottom half: An inverted 180-degree mirror image showing Five of Swords - The corrosive pursuit of triumph at any cost, leading to isolating 'victories' that alienate allies and diminish self-respect. (Antithesis). Seamless Thatcher Effect morph at the waistline. Steampunk Technomancy aesthetic, brass and oxidized copper, neon amber fractal wiring. Embossed text: 'STRATEGIC RECALIBRATION ENGINE'.",private,11:19:00,on,D3lphi,,quality,,Metallic technomancy,#457B5A #B8860B #8B4513 #00F0FF #FF7E1B,1
"11:19 aspect ratio, metallic bas-relief tarot card. Top half: Six of Swords - The strategic and deliberate withdrawal from untenable circumstances, initiating a necessary journey towards calmer, more fertile ground and personal growth. (Thesis). Bottom half: An inverted 180-degree mirror image showing Six of Swords - The paralyzing resistance to necessary change, leading to entrapment within cycles of past grievances, stalled progress, or the fear of an unknown future. (Antithesis). Seamless Thatcher Effect morph at the waistline. Steampunk Technomancy aesthetic, brass and oxidized copper, neon amber fractal wiring. Embossed text: 'EXISTENTIAL NAVIGATION SYSTEM'.",private,11:19:00,on,D3lphi,,quality,,Metallic technomancy,#457B5A #B8860B #8B4513 #00F0FF #FF7E1B,1
"11:19 aspect ratio, metallic bas-relief tarot card. Top half: Seven of Swords - The deliberate application of strategic intellect to navigate intractable systems, employing indirect methods to secure vital resources or information while minimizing direct confrontation. (Thesis). Bottom half: An inverted 180-degree mirror image showing Seven of Swords - The crippling burden of intellectual subterfuge, where concealed truths or unacknowledged strategies create a labyrinth of self-deception, leading to inevitable exposure or the psychological paralysis of unresolved accountability. (Antithesis). Seamless Thatcher Effect morph at the waistline. Steampunk Technomancy aesthetic, brass and oxidized copper, neon amber fractal wiring. Embossed text: 'COGNITIVE MANEUVER UNIT'.",private,11:19:00,on,D3lphi,,quality,,Metallic technomancy,#457B5A #B8860B #8B4513 #00F0FF #FF7E1B,1
"11:19 aspect ratio, metallic bas-relief tarot card. Top half: Eight of Swords - The perception of intractable limitation, where potential avenues of escape or resolution are obscured by internal narratives of fear and helplessness, leading to a state of self-imposed confinement. (Thesis). Bottom half: An inverted 180-degree mirror image showing Eight of Swords - The unconscious perpetuation of perceived constraints, fueled by the comfort of familiar suffering or the active resistance to confront discomfiting truths that would reveal the path to liberation. (Antithesis). Seamless Thatcher Effect morph at the waistline. Steampunk Technomancy aesthetic, brass and oxidized copper, neon amber fractal wiring. Embossed text: 'EXISTENTIAL CONSTRAINT ENGINE'.",private,11:19:00,on,D3lphi,,quality,,Metallic technomancy,#457B5A #B8860B #8B4513 #00F0FF #FF7E1B,1
"11:19 aspect ratio, metallic bas-relief tarot card. Top half: Nine of Swords - The confrontational awareness of an overwhelming internal burden, acknowledging the acute mental anguish stemming from perceived failures or imminent threats. (Thesis). Bottom half: An inverted 180-degree mirror image showing Nine of Swords - The paralyzing denial of internal agency, perpetuating cycles of self-recrimination and avoiding the necessary confrontation with the root causes of psychological torment. (Antithesis). Seamless Thatcher Effect morph at the waistline. Steampunk Technomancy aesthetic, brass and oxidized copper, neon amber fractal wiring. Embossed text: 'PSYCHIC STRESS INDUCTOR'.",private,11:19:00,on,D3lphi,,quality,,Metallic technomancy,#457B5A #B8860B #8B4513 #00F0FF #FF7E1B,1
"11:19 aspect ratio, metallic bas-relief tarot card. Top half: Ten of Swords - The absolute cessation of a dysfunctional cycle; the clarity gained from reaching an inescapable conclusion, enabling a necessary and profound re-evaluation. (Thesis). Bottom half: An inverted 180-degree mirror image showing Ten of Swords - The paralyzing fear of finality, leading to chronic stagnation and a self-inflicted inability to disengage from terminal patterns, perpetuating suffering through denial. (Antithesis). Seamless Thatcher Effect morph at the waistline. Steampunk Technomancy aesthetic, brass and oxidized copper, neon amber fractal wiring. Embossed text: 'TERMINAL PATTERN PROCESSOR'.",private,11:19:00,on,D3lphi,,quality,,Metallic technomancy,#457B5A #B8860B #8B4513 #00F0FF #FF7E1B,1
"11:19 aspect ratio, metallic bas-relief tarot card. Top half: Page of Swords - The courageous confrontation of uncomfortable truths, revealing the inherent structure of reality and liberating the mind from illusion. (Thesis). Bottom half: An inverted 180-degree mirror image showing Page of Swords - The intellectual entrapment in endless analysis, fearing the decisive action that truth demands, or using truth to inflict harm rather than liberate. (Antithesis). Seamless Thatcher Effect morph at the waistline. Steampunk Technomancy aesthetic, brass and oxidized copper, neon amber fractal wiring. Embossed text: 'AXIOMATIC DISCERNMENT NODE'.",private,11:19:00,on,D3lphi,,quality,,Metallic technomancy,#457B5A #B8860B #8B4513 #00F0FF #FF7E1B,1
"11:19 aspect ratio, metallic bas-relief tarot card. Top half: Knight of Swords - The conscious, strategic engagement with complex internal conflicts to forge profound understanding, utilizing analytical prowess to dismantle conceptual barriers. (Thesis). Bottom half: An inverted 180-degree mirror image showing Knight of Swords - The insidious trap of intellectualization, where endless analysis substitutes for decisive action, leading to mental stagnation, self-imposed complexity, and paralysis by over-analysis. (Antithesis). Seamless Thatcher Effect morph at the waistline. Steampunk Technomancy aesthetic, brass and oxidized copper, neon amber fractal wiring. Embossed text: 'META-COGNITIVE STRATEGIST'.",private,11:19:00,on,D3lphi,,quality,,Metallic technomancy,#457B5A #B8860B #8B4513 #00F0FF #FF7E1B,1
"11:19 aspect ratio, metallic bas-relief tarot card. Top half: Queen of Swords - The conscious, often painful, act of incisive deconstruction, dismantling obsolete mental frameworks or strategic paradigms to reveal fundamental, liberating truths. (Thesis). Bottom half: An inverted 180-degree mirror image showing Queen of Swords - The paralyzing grip of intellectual inertia; the rigid adherence to self-defeating strategies or ossified belief systems, leading to a state of perpetual, ineffective struggle and self-imposed limitation. (Antithesis). Seamless Thatcher Effect morph at the waistline. Steampunk Technomancy aesthetic, brass and oxidized copper, neon amber fractal wiring. Embossed text: 'EPISTEMOLOGICAL CATALYST'.",private,11:19:00,on,D3lphi,,quality,,Metallic technomancy,#457B5A #B8860B #8B4513 #00F0FF #FF7E1B,1
"11:19 aspect ratio, metallic bas-relief tarot card. Top half: King of Swords - The conscious and deliberate act of strategic disengagement, understanding that true strength lies in knowing when to cease a struggle that has outlived its purpose. (Thesis). Bottom half: An inverted 180-degree mirror image showing King of Swords - The self-defeating inability to disengage from mental or actual conflict, leading to perpetual exhaustion, paranoia, and the futile reliving of past tactical engagements. (Antithesis). Seamless Thatcher Effect morph at the waistline. Steampunk Technomancy aesthetic, brass and oxidized copper, neon amber fractal wiring. Embossed text: 'COGNITIVE DISENGAGEMENT MATRIX'.",private,11:19:00,on,D3lphi,,quality,,Metallic technomancy,#457B5A #B8860B #8B4513 #00F0FF #FF7E1B,1
"11:19 aspect ratio, metallic bas-relief tarot card. Top half: Ace of Pentacles - The conscious emergence of grounded potential and nascent material form, guided by intuitive wisdom and the promise of sustainable growth. (Thesis). Bottom half: An inverted 180-degree mirror image showing Ace of Pentacles - The paralysis of unrealized potential, manifesting as either inert materialism or ungrounded spiritual abstraction, lacking practical application or nurturing. (Antithesis). Seamless Thatcher Effect morph at the waistline. Steampunk Technomancy aesthetic, brass and oxidized copper, neon amber fractal wiring. Embossed text: 'FORMATIVE PRINCIPLE ENGINE'.",private,11:19:00,on,D3lphi,,quality,,Metallic technomancy,#457B5A #B8860B #8B4513 #00F0FF #FF7E1B,1
"11:19 aspect ratio, metallic bas-relief tarot card. Top half: Three of Pentacles - The conscious cultivation of skill and collaborative application of knowledge, leading to the deliberate construction of stable and valuable frameworks. (Thesis). Bottom half: An inverted 180-degree mirror image showing Three of Pentacles - The resistance to iterative learning or fragmented execution, resulting in unstable structures, misaligned efforts, or a stagnation of developmental potential. (Antithesis). Seamless Thatcher Effect morph at the waistline. Steampunk Technomancy aesthetic, brass and oxidized copper, neon amber fractal wiring. Embossed text: 'FOUNDATIONAL PRAXIS NEXUS'.",private,11:19:00,on,D3lphi,,quality,,Metallic technomancy,#457B5A #B8860B #8B4513 #00F0FF #FF7E1B,1
"11:19 aspect ratio, metallic bas-relief tarot card. Top half: Four of Pentacles - The conscious and deliberate establishment of foundational structures and protective boundaries to ensure tangible security and the preservation of inherent value. (Thesis). Bottom half: An inverted 180-degree mirror image showing Four of Pentacles - The ossification of established forms, leading to rigid possessiveness, fear-driven stagnation, and an inability to adapt or share the flow of resources. (Antithesis). Seamless Thatcher Effect morph at the waistline. Steampunk Technomancy aesthetic, brass and oxidized copper, neon amber fractal wiring. Embossed text: 'PATTERN ENTRENCHMENT SYSTEM'.",private,11:19:00,on,D3lphi,,quality,,Metallic technomancy,#457B5A #B8860B #8B4513 #00F0FF #FF7E1B,1
"11:19 aspect ratio, metallic bas-relief tarot card. Top half: Six of Pentacles - The conscious practice of equitable resource flow, fostering mutual support and societal well-being through balanced giving and receiving. (Thesis). Bottom half: An inverted 180-degree mirror image showing Six of Pentacles - The structural imbalance of resource distribution, manifested as exploitation, coerced dependency, or the hoarding of wealth, leading to systemic inequality and distrust. (Antithesis). Seamless Thatcher Effect morph at the waistline. Steampunk Technomancy aesthetic, brass and oxidized copper, neon amber fractal wiring. Embossed text: 'KINETIC EXCHANGE MATRIX'.",private,11:19:00,on,D3lphi,,quality,,Metallic technomancy,#457B5A #B8860B #8B4513 #00F0FF #FF7E1B,1
"11:19 aspect ratio, metallic bas-relief tarot card. Top half: Seven of Pentacles - The discerning pause to evaluate the efficacy of past endeavors and recalibrate future investment with informed patience. (Thesis). Bottom half: An inverted 180-degree mirror image showing Seven of Pentacles - The anxious inertia of unrewarded effort, manifesting as premature abandonment or stubborn, unfruitful persistence. (Antithesis). Seamless Thatcher Effect morph at the waistline. Steampunk Technomancy aesthetic, brass and oxidized copper, neon amber fractal wiring. Embossed text: 'EVALUATIVE CULTIVATION ENGINE'.",private,11:19:00,on,D3lphi,,quality,,Metallic technomancy,#457B5A #B8860B #8B4513 #00F0FF #FF7E1B,1
"11:19 aspect ratio, metallic bas-relief tarot card. Top half: Eight of Pentacles - The conscious dedication to meticulous craft, understanding that mastery emerges from persistent, focused effort and the iterative refinement of practical skill. (Thesis). Bottom half: An inverted 180-degree mirror image showing Eight of Pentacles - The paralyzing grip of endless, uninspired repetition, leading to burnout, or conversely, the debilitating fear of imperfection that prevents initiation, trapping potential in perpetual, unmanifested preparation. (Antithesis). Seamless Thatcher Effect morph at the waistline. Steampunk Technomancy aesthetic, brass and oxidized copper, neon amber fractal wiring. Embossed text: 'ONTOLOGICAL CONSTRUCTOR'.",private,11:19:00,on,D3lphi,,quality,,Metallic technomancy,#457B5A #B8860B #8B4513 #00F0FF #FF7E1B,1
"11:19 aspect ratio, metallic bas-relief tarot card. Top half: Nine of Pentacles - The serene mastery of one's domain, characterized by disciplined cultivation, self-sufficiency, and the quiet enjoyment of earned abundance. (Thesis). Bottom half: An inverted 180-degree mirror image showing Nine of Pentacles - The deceptive allure of superficial comfort, masking a dependency on external validation or an unsustainable pursuit of fleeting pleasure, leading to inner hollowness. (Antithesis). Seamless Thatcher Effect morph at the waistline. Steampunk Technomancy aesthetic, brass and oxidized copper, neon amber fractal wiring. Embossed text: 'AESTHETIC AUTONOMY ENGINE'.",private,11:19:00,on,D3lphi,,quality,,Metallic technomancy,#457B5A #B8860B #8B4513 #00F0FF #FF7E1B,1
"11:19 aspect ratio, metallic bas-relief tarot card. Top half: Ten of Pentacles - The secure culmination of generational efforts, fostering enduring prosperity and communal well-being. (Thesis). Bottom half: An inverted 180-degree mirror image showing Ten of Pentacles - The stagnation of inherited wealth, manifesting as superficial security, intergenerational discord, or entrapment by rigid traditions. (Antithesis). Seamless Thatcher Effect morph at the waistline. Steampunk Technomancy aesthetic, brass and oxidized copper, neon amber fractal wiring. Embossed text: 'MODULE OF FOUNDATIONAL LEGACY'.",private,11:19:00,on,D3lphi,,quality,,Metallic technomancy,#457B5A #B8860B #8B4513 #00F0FF #FF7E1B,1
"11:19 aspect ratio, metallic bas-relief tarot card. Top half: Page of Pentacles - The conscious application of profound earth wisdom and innovative material shaping to establish resilient, regenerative systems and abundant, harmonious realities. (Thesis). Bottom half: An inverted 180-degree mirror image showing Page of Pentacles - The hoarding of earth wisdom, the exploitative manipulation of resources, or a rigid refusal to evolve material paradigms, leading to depletion, ecological imbalance, and stagnant isolation. (Antithesis). Seamless Thatcher Effect morph at the waistline. Steampunk Technomancy aesthetic, brass and oxidized copper, neon amber fractal wiring. Embossed text: 'ELEMENTAL INTEGRATION ENGINE'.",private,11:19:00,on,D3lphi,,quality,,Metallic technomancy,#457B5A #B8860B #8B4513 #00F0FF #FF7E1B,1
"11:19 aspect ratio, metallic bas-relief tarot card. Top half: Knight of Pentacles - The deliberate cultivation of sustainable systems through harmonized material and arcane wisdom, ensuring long-term prosperity and growth. (Thesis). Bottom half: An inverted 180-degree mirror image showing Knight of Pentacles - The ossification of established systems, leading to resource depletion and spiritual stagnation due to an unwillingness to adapt or integrate new understanding. (Antithesis). Seamless Thatcher Effect morph at the waistline. Steampunk Technomancy aesthetic, brass and oxidized copper, neon amber fractal wiring. Embossed text: 'PATTERN MANIFESTOR'.",private,11:19:00,on,D3lphi,,quality,,Metallic technomancy,#457B5A #B8860B #8B4513 #00F0FF #FF7E1B,1
"11:19 aspect ratio, metallic bas-relief tarot card. Top half: Queen of Pentacles - The proactive engagement with the cycles of decay and rebirth inherent in all material existence, leading to profound foundational renewal and the cultivation of fertile ground for sustainable growth. (Thesis). Bottom half: An inverted 180-degree mirror image showing Queen of Pentacles - The paralyzing fear of material loss or the disruption of established comfort, leading to the entrenchment in decaying structures and the suppression of essential ecological or systemic transformation. (Antithesis). Seamless Thatcher Effect morph at the waistline. Steampunk Technomancy aesthetic, brass and oxidized copper, neon amber fractal wiring. Embossed text: 'ONTOLOGICAL SHIFT CATALYST'.",private,11:19:00,on,D3lphi,,quality,,Metallic technomancy,#457B5A #B8860B #8B4513 #00F0FF #FF7E1B,1
"11:19 aspect ratio, metallic bas-relief tarot card. Top half: Two of Cups - The conscious convergence of distinct spiritual and creative essences into a unified, resonant field; the intentional forging of sacred bonds through mutual understanding and inspired empathy. (Thesis). Bottom half: An inverted 180-degree mirror image showing Two of Cups - The fracturing of essential connection due to misaligned spiritual doctrines or dissonant creative expression; the structural tension arising from a failure to recognize the inherent value in another's unique resonance, leading to separation or codependent absorption. (Antithesis). Seamless Thatcher Effect morph at the waistline. Steampunk Technomancy aesthetic, brass and oxidized copper, neon amber fractal wiring. Embossed text: 'SYNERGISTIC CONFLUX ENGINE'.",private,11:19:00,on,D3lphi,,quality,,Metallic technomancy,#457B5A #B8860B #8B4513 #00F0FF #FF7E1B,1
"11:19 aspect ratio, metallic bas-relief tarot card. Top half: Eight of Cups - The conscious disengagement from established structures or emotional anchors to initiate a purposeful trajectory toward profound spiritual insight and self-actualization. (Thesis). Bottom half: An inverted 180-degree mirror image showing Eight of Cups - The avoidance of profound engagement, resulting in an aimless drift, a fear of commitment, or the illusion of progress through perpetual flight from deeper truths and responsibilities. (Antithesis). Seamless Thatcher Effect morph at the waistline. Steampunk Technomancy aesthetic, brass and oxidized copper, neon amber fractal wiring. Embossed text: 'TRAJECTORY REORIENTATION MODULE'.",private,11:19:00,on,D3lphi,,quality,,Metallic technomancy,#457B5A #B8860B #8B4513 #00F0FF #FF7E1B,1
"11:19 aspect ratio, metallic bas-relief tarot card. Top half: Page of Cups - The nascent capacity for empathetic connection and the gentle emergence of creative emotional expression, fostering a receptive environment for intuitive understanding and communal belonging. (Thesis). Bottom half: An inverted 180-degree mirror image showing Page of Cups - The immature manifestation of emotional sensitivity, leading to superficial connections, performative empathy, or a withdrawal into self-centered emotional escapism, thereby disrupting genuine communal resonance. (Antithesis). Seamless Thatcher Effect morph at the waistline. Steampunk Technomancy aesthetic, brass and oxidized copper, neon amber fractal wiring. Embossed text: 'DIALECTICAL INTEGRATION NEXUS'.",private,11:19:00,on,D3lphi,,quality,,Metallic technomancy,#457B5A #B8860B #8B4513 #00F0FF #FF7E1B,1
"11:19 aspect ratio, metallic bas-relief tarot card. Top half: King of Cups - The conscious cultivation of interconnectedness, where diverse elements are woven into a resilient, mutually enriching tapestry of shared existence. (Thesis). Bottom half: An inverted 180-degree mirror image showing King of Cups - The suppression of authentic expression in a pursuit of superficial unity, or the complacent avoidance of necessary friction, allowing latent discord to fester beneath a false tranquility. (Antithesis). Seamless Thatcher Effect morph at the waistline. Steampunk Technomancy aesthetic, brass and oxidized copper, neon amber fractal wiring. Embossed text: 'SYNTROPIC FIELD GENERATOR'.",private,11:19:00,on,D3lphi,,quality,,Metallic technomancy,#457B5A #B8860B #8B4513 #00F0FF #FF7E1B,1
"11:19 aspect ratio, metallic bas-relief tarot card. Top half: Two of Swords - The conscious act of maintaining a precise equilibrium between two equally compelling but divergent truths, necessitating a moment of internal stasis for critical deliberation. (Thesis). Bottom half: An inverted 180-degree mirror image showing Two of Swords - The paralyzing inertia born from the inability to reconcile divergent truths, leading to protracted indecision, cognitive dissonance, or a painful, unavoidable rupture of peace. (Antithesis). Seamless Thatcher Effect morph at the waistline. Steampunk Technomancy aesthetic, brass and oxidized copper, neon amber fractal wiring. Embossed text: 'EQUILIBRIUM ACTUATOR'.",private,11:19:00,on,D3lphi,,quality,,Metallic technomancy,#457B5A #B8860B #8B4513 #00F0FF #FF7E1B,1
"11:19 aspect ratio, metallic bas-relief tarot card. Top half: Two of Pentacles - The mindful allocation of limited resources across dynamic priorities, embracing adaptability as a core strength to maintain equilibrium amidst constant change and varied demands. (Thesis). Bottom half: An inverted 180-degree mirror image showing Two of Pentacles - The debilitating paralysis of indecision, leading to a chaotic scattering of energy and an inability to commit, resulting in resources being perpetually mismanaged or neglected under the overwhelming weight of external pressures. (Antithesis). Seamless Thatcher Effect morph at the waistline. Steampunk Technomancy aesthetic, brass and oxidized copper, neon amber fractal wiring. Embossed text: 'DYNAMIC RESOURCE ALLOCATION MATRIX'.",private,11:19:00,on,D3lphi,,quality,,Metallic technomancy,#457B5A #B8860B #8B4513 #00F0FF #FF7E1B,1
"11:19 aspect ratio, metallic bas-relief tarot card. Top half: Five of Pentacles - The stark recognition of material and spiritual deprivation, revealing systemic vulnerabilities and the profound need for communal support. (Thesis). Bottom half: An inverted 180-degree mirror image showing Five of Pentacles - The stubborn refusal to acknowledge one's own deprivation, fostering an isolating pride that rejects aid, or a desperate, unintegrated scramble from crisis without true healing. (Antithesis). Seamless Thatcher Effect morph at the waistline. Steampunk Technomancy aesthetic, brass and oxidized copper, neon amber fractal wiring. Embossed text: 'ADAPTIVE SCARCITY MATRIX'.",private,11:19:00,on,D3lphi,,quality,,Metallic technomancy,#457B5A #B8860B #8B4513 #00F0FF #FF7E1B,1
"11:19 aspect ratio, metallic bas-relief tarot card. Top half: King of Pentacles - The conscious attunement to the earth's deep energetic currents, facilitating harmonious manifestation and the cultivation of sustainable, thriving systems. (Thesis). Bottom half: An inverted 180-degree mirror image showing King of Pentacles - The willful ignorance of ecological interconnectedness, leading to the exploitation of resources, the creation of unsustainable structures, and a fundamental disharmony with the physical plane. (Antithesis). Seamless Thatcher Effect morph at the waistline. Steampunk Technomancy aesthetic, brass and oxidized copper, neon amber fractal wiring. Embossed text: 'TERRESTRIAL RESONANCE MODULATOR'.",private,11:19:00,on,D3lphi,,quality,,Metallic technomancy,#457B5A #B8860B #8B4513 #00F0FF #FF7E1B,1
